id,actor,domain,case,period,weight,params,param_scores,justification,sources,case_score
C01,CONG,Institutions,"Nation-building: IITs(1951+), AIIMS(1956), atomic energy, ISRO roots(1969), major dams, Hindu Code Bills",1947-1964,3,vision|execution|durability,5|4|5,First-principles institution planning; Indian universities/labs still bear fruit; Hindu Code Bills = bold social reform via law,https://en.wikipedia.org/wiki/Indian_Institutes_of_Technology;https://www.msmsw.co.in (Ministry document base);https://en.wikipedia.org/wiki/Hindu_code_bills,14.0
C02,CONG,Security,1962 China war debacle,1962,3,preparedness|accountability|cost_to_nation,-5|-4|-5,Forward policy without logistics; Henderson-Brooks report kept classified for decades; lasting border reality,https://en.wikipedia.org/wiki/Sino-Indian_War;https://en.wikipedia.org/wiki/Henderson_Brooks%E2%80%93Bhagat_Report,-14.0
C03,CONG,Security,"1971 war, Bangladesh, Simla Accord",1971-1972,3,strategy|diplomacy|follow_through,5|4|3,Decisive victory + refugee crisis mastery; Simla criticised for not converting battlefield win into durable Kashmir settlement,https://en.wikipedia.org/wiki/Indo-Pakistani_War_of_1971;https://en.wikipedia.org/wiki/Simla_Agreement,12.0
C04,CONG,Welfare,Green Revolution + bank nationalisation 1966-69,1966-1969,2,food_security|state_capacity|fiscal_cost,5|3|-1,Ended ship-to-mouth existence (PL-480); bank nationalisation widened rural credit but loaded PSBs,https://en.wikipedia.org/wiki/Green_Revolution_in_India;https://en.wikipedia.org/wiki/Nationalisation_of_banks_in_India,4.67
C05,CONG,Democracy,Emergency 1975-77,1975-1977,3,constitutional_order|press_freedom|civil_liberties|coercion,-5|-5|-5|-5,"Shah Commission (3 vols, 1977-78): Emergency 'not justified', declared by PM without Cabinet; 1,10,000+ detentions; 7,000+ news items pre-censored; forced-sterilisation deaths >1,774",https://en.wikipedia.org/wiki/Shah_Commission;https://thesouthfirst.com/opinion/fifty-years-of-emergency-a-bygone-experience-really/,-15.0
C06,CONG,Security,Punjab spiral -> Operation Blue Star,1983-1988,2,security_planning|intelligence,-3|-3,Mishandled Bhindranwale axis; Blue Star caused enduring alienation,https://en.wikipedia.org/wiki/Operation_Blue_Star,-6.0
C07,CONG,Cohesion,1984 anti-Sikh pogrom,1984,3,protection_failure|impunity|justice_delay,-5|-5|-4,"2,700+ killed (official, Delhi); Nanavati Commission: 587 FIRs, 240 'untraced', only 28 conviction cases; key accused (Sajjan Kumar) convicted only in 2018 & 2025; party tickets for accused",https://www.theweek.in/news/india/2026/08/20/sajjan-kumar-ex-congress-mp-and-anti-sikh-riots-convict-dies.html;https://en.wikipedia.org/wiki/Sajjan_Kumar,-14.0
C08,CONG,Accountability,Bhopal gas tragedy & Anderson exit,1984-1989,2,justice|accountability,-4|-4,"Union Carbide CEO flown out post-bail; $470m settlement (SC, 1989) seen as grossly inadequate",https://en.wikipedia.org/wiki/Bhopal_disaster,-8.0
C09,CONG,Cohesion,Shah Bano reversal (Muslim Women Act 1986),1986,2,gender_equality|secularism|vote_bank_motive,-4|-3|-4,Parliament overrode SC's maintenance ruling under conservative pressure; textbook vote-bank legislation,https://en.wikipedia.org/wiki/Muslim_Women_(Protection_of_Rights_on_Divorce)_Act_1986,-7.33
C10,CONG,Cohesion,Babri locks opened(1986) & shilanyas(1989),1986-1989,1,cohesion|rule_of_law,-3|-2,Both-sides appeasement; state aided the process that culminated in 1992,https://en.wikipedia.org/wiki/Ram_Janmabhoomi,-2.5
C11,CONG,Democracy,1987 J&K rigged election (Congress-NC),1987,3,electoral_integrity|national_cost,-5|-5,Widely documented rigging vs MUF; disenchanted workers (incl. future Salahuddin) drove 1989+ insurgency,https://caravanmagazine.in/vantage/mufti-mohammad-sayeed-shaped-1987-kashmir-elections,-15.0
C12,CONG,Corruption,Bofors scandal,1987-1996,2,integrity|accountability,-3|-3,Kickback allegations (Rs 64 cr) dominated 1989 polls; cases collapsed in courts but opacity defined era,https://en.wikipedia.org/wiki/Bofors_scandal,-6.0
C13,CONG,Security,IPKF in Sri Lanka,1987-1990,1,intent|execution|cost,3|-4|-4,"Peacekeeping degraded into quagmire; 1,200+ soldiers lost",https://en.wikipedia.org/wiki/Indian_Peacekeeping_Force,-1.67
C14,CONG,Economy,1991 liberalisation (Rao-Singh),1991,3,vision|execution|outcomes,5|4|5,Ended licence raj amid balance-of-payments crisis; unleashed decades of growth; global template for orderly reform,https://en.wikipedia.org/wiki/Economic_liberalisation_in_India,14.0
C15,CONG,Democracy,Babri demolition on Centre's watch,1992,3,prevention|rule_of_law,-5|-5,SC (2019): demolition an 'egregious violation of rule of law'; Centre held back paramilitary/president's rule until too late,https://www.newindianexpress.com/nation/2019/Nov/09/ayodhya-verdict-babri-masjid-demolition-was-violation-of-law-says-supreme-court-2059473.html,-15.0
C16,CONG,Democracy,73rd/74th Amendments (Panchayati Raj),1992-1993,2,democratic_deepening,5,"Constitutionalised local self-government; 14+ lakh elected reps, 46%+ women today",https://en.wikipedia.org/wiki/Panchayati_raj,10.0
C17,CONG,Infrastructure,Delhi Metro foundation (DMRC 1995),1995,1,execution,3,Joint Centre-state SPV model later national template (bipartisan continuity credit),https://en.wikipedia.org/wiki/Delhi_Metro,3.0
C18,CONG,Democracy,"Rights framework: RTI 2005, MGNREGA 2005, FRA 2006, RTE 2009",2004-2009,3,rights_expansion|design_evidence|fiscal_care|durability,5|4|-1|5,World's most-cited transparency regime; MGNREGA later called lifeline even by successor govt's actions (COVID); durable across regimes,"https://en.wikipedia.org/wiki/Right_to_Information_Act,_2005;https://www.business-standard.com/india-news/once-called-a-failure-mgnregs-became-lifeline-during-covid-lockdown-124122701040_1.html",9.75
C19,CONG,Security,Indo-US Civil Nuclear Deal,2008,3,strategic_vision|diplomacy,5|4,Ended nuclear isolation (NSG waiver); gamble won at cost of Left withdrawal,https://en.wikipedia.org/wiki/India%E2%80%93United_States_Civil_Nuclear_Agreement,13.5
C20,CONG,Corruption,Cash-for-votes (2008 trust vote),2008,1,integrity,-4,MPs waved cash on floor of House; WikiLeaks cable claims; whistleblowing MPs later let off as expose-ers,https://www.ndtv.com/india-news/cash-for-vote-scam-amar-singh-three-bjp-leaders-who-waved-cash-in-parliament-let-off-542036,-4.0
C21,CONG,Security,26/11 Mumbai attacks & response,2008,2,preparedness|crisis_response|reform|diplomacy,-4|-1|2|2,"166 dead, cross-border plot; multi-day siege; then NIA created, coastal grid; sustained Pak isolation",https://en.wikipedia.org/wiki/2008_Mumbai_attacks;https://en.wikipedia.org/wiki/National_Investigation_Agency,-0.5
C22,CONG,Corruption,UPA-II graft complex (2G/CWG/Coal),2010-2014,3,process_fairness|criminality_proof|accountability,-3|2|-2,"CAG: Rs1.76L cr (2G) & Rs1.86L cr (coal) presumptive loss; SC cancelled 122 licences (2012) & 214 coal blocks (2014) as arbitrary; BUT special court acquitted all 2G accused 2017 ('miserably failed', 'scam by artfully arranging facts'); appeals admitted in Delhi HC (2024), pending",https://en.wikipedia.org/wiki/2G_spectrum_case;https://timesofindia.indiatimes.com/business/india-business/a-raja-acquitted-in-2g-case/articleshow/62201212.cms,-3.0
C23,CONG,Economy,Macro slippage 2011-13 (Fragile Five),2011-2013,2,fiscal_discipline|inflation_control,-3|-3,CPI ~9-10%; 2013 taper tantrum; CAD ~4.8% GDP,https://en.wikipedia.org/wiki/Fragile_Five,-6.0
C24,CONG,Economy,UPA growth & poverty decade,2004-2014,3,growth|inclusion|inflation,4|5|-2,Back-series: 6.67% avg growth; Tendulkar poverty 37.2%(04-05)->21.9%(11-12); ~140m out of poverty; late-term price rise,https://www.livemint.com/Industry/vl0ZT0Cct1OlWtqG6mEUPM/New-GDP-data-knocks-UPA-off-growth-pedestal.html;https://en.wikipedia.org/wiki/Poverty_in_India,7.0
C25,CONG,Institutions,Aadhaar/DBT architecture (NPCI 2008 + UIDAI 2009),2009-2014,2,innovation|privacy_safeguards,4|-1,Built rails later used by UPI/DBT; legal sanction & privacy law lagged (flagged by SC in 2018),https://indianexpress.com/article/political-pulse/aadhaar-journey-bjp-digital-india-9095394/,3.0
C26,CONG,Economy,Land Acquisition Act 2013,2013,1,stakeholder_process|investment_ease,3|-1,"Consultative, consent-heavy resettlement law; criticised as infra-blocker","https://en.wikipedia.org/wiki/Right_to_Fair_Compensation_and_Transparency_in_Land_Acquisition,_Rehabilitation_and_Resettlement_Act,_2013",1.0
C27,CONG,Accountability,"Lokpal Act 2013 (belated, weak)",2011-2013,1,anti_corruption|sincerity,2|-2,Delivered only after Anna movement humiliated govt; appointments dragged into 2019,"https://en.wikipedia.org/wiki/Lokpal_and_Lokayukta_Bill,_2011",0.0
C28,CONG,Democracy,Telangana bifurcation 2014,2014,1,resolution|process,2|-2,Decade-old promise delivered amid blackout telecast & divided state angst,"https://en.wikipedia.org/wiki/Andhra_Pradesh_Reorganisation_Act,_2014",0.0
C29,CONG,PartyCulture,Dynasty/high-command culture (persistent),1947-2014,3,internal_democracy|meritocracy|renewal,-4|-3|-3,Ticket distribution & leadership by family proximity; repeated departures of talent; violates ideal-party Principle 1,structural (historiography consensus); https://en.wikipedia.org/wiki/Nehru_family,-10.0
C30,CONG,PartyCulture,Kharge election as Congress president (Oct 2022),2022,1,internal_democracy,3,"First non-Gandhi elected president in 24 yrs (6,000-delegate ballot) — a real, if partial, course correct",https://en.wikipedia.org/wiki/2022_Indian_National_Congress_presidential_election,3.0
C31,CONG,Welfare,National Food Security Act 2013,2013,1,nutrition_intent|fiscal_prudence|design,3|-1|2,"Legal entitlement to subsidised grain (~67% population); procurement-heavy, leak-prone PDS","https://en.wikipedia.org/wiki/National_Food_Security_Act,_2013",1.33
B01,BJP,Security,Pokhran-II (1998),1998,2,strategic_assertion|cost_management,4|-2,"Declared nuclear power; sanctions & isolation managed, later diplomatic recovery",https://en.wikipedia.org/wiki/Pokhran-II,2.0
B02,BJP,Security,Kargil war (1999),1999,3,response|diplomacy|post_war_review,5|4|3,Intrusion cleared without crossing LoC; global support; Kargil Review Committee ordered structural intel reforms,https://en.wikipedia.org/wiki/Kargil_War,12.0
B03,BJP,Security,Lahore bus + Agra diplomacy (1999-2001),1999-2001,1,statesmanship|results,3|-1,Historic outreach; Agra summit collapsed on K-word optics,https://en.wikipedia.org/wiki/Delhi%E2%80%93Lahore_Bus,1.0
B04,BJP,Security,IC-814 Kandahar release (Dec 1999),1999,2,tradeoff|downstream_cost,-4|-4,156 hostages saved at cost of freeing Masood Azhar (JeM founder) — lineage to 2001 Parliament attack & Pulwama,https://en.wikipedia.org/wiki/Indian_Airlines_Flight_814,-8.0
B05,BJP,Infrastructure,Golden Quadrilateral + PMGSY (2000),2000,2,vision|delivery,5|4,National highway grid + all-weather rural roads; execution delivery continued by successors (heritage of continuity),https://en.wikipedia.org/wiki/Golden_Quadrilateral,9.0
B06,BJP,Economy,New Telecom Policy 1999 (revenue share),1999,1,structural_reform,4,Migration to revenue-share rescued cellular sector; enabled mobile explosion of 2000s,https://en.wikipedia.org/wiki/Telecommunications_in_India,4.0
B07,BJP,Economy,FRBM Act 2003,2003,1,fiscal_institution,4,First statutory fiscal-deficit discipline,"https://www.rbi.org.in (RBI references); https://en.wikipedia.org/wiki/Fiscal_Responsibility_and_Budget_Management_Act,_2003",4.0
B08,BJP,Welfare,Sarva Shiksha Abhiyan 2000-01,2000,1,education_access,3,1.9 crore children enrolment drive; scaled by UPA later,https://en.wikipedia.org/wiki/Sarva_Shiksha_Abhiyan,3.0
B09,BJP,Cohesion,Gujarat 2002 (BJP state govt; NDA Centre shielded CM),2002,3,protection|accountability|party_conduct,-4|-3|-3,"~1,000+ dead (official 790 Muslim + 254 Hindu + missing); 'rajdharma' remark followed by retention at Goa conclave; SIT clean chit to Modi (2012) upheld by SC 2022, but police/governance failures documented (Nanavati, NHRC)",https://www.tribuneindia.com/news/nation/sc-dismisses-zakia-jafris-plea-challenging-sits-clean-chit-to-64-people-including-then-cm-narendra-modi-in-2002-gujarat-riots-case-406574,-10.0
B10,BJP,Corruption,Tehelka/coffingate/UTI/petrol-pump cluster 2001-02,2001,2,integrity,-3,Party president caught on camera; coffin-procurement probe; US-64 bailout; allotments cancelled after exposé,https://en.wikipedia.org/wiki/Operation_West_End,-6.0
B11,BJP,Economy,'India Shining' campaign gap (2004),2004,1,reality_contact,-1,Feel-good messaging disconnected from farm distress; electorate rejected it,https://en.wikipedia.org/wiki/India_Shining,-1.0
B12,BJP,Cohesion,Ayodhya movement 1990-92 (Rath Yatra; kar seva),1990-1992,3,rule_of_law|social_fabric,-5|-5,Liberhan Commission (2009) held 68 including top BJP leaders culpable; SC 2019 called demolition egregious violation; riots killed thousands,https://qz.com/india/1731653/indian-court-acquits-all-accused-for-demolition-of-babri-masjid/,-15.0
B13,BJP,Democracy,POTA misuse 2002-04,2002,1,civil_liberties,-2,Anti-terror law abused vs minorities/political targets (POTA Review Committee findings); repealed by UPA 2004,"https://en.wikipedia.org/wiki/Prevention_of_Terrorism_Act,_2002",-2.0
B14,BJP,Institutions,Digital stack at scale: Jan Dhan(2014)->UPI(2016)->DBT/CoWIN,2014-2026,3,scale|execution|global_diffusion|inclusion,5|5|4|4,"Jan Dhan 55.02 cr accounts (Mar-2025)->58 cr (2026, 56% women); UPI 1.78 cr txns (2016-17)->24,162 cr txns (2025-26), live in 11 countries; CoWIN as public infra",https://www.pib.gov.in/PressReleaseIframePage.aspx?PRID=2112321;https://newstodaynet.com/2026/08/26/bjp-targets-congress-over-upi-criticism,13.5
B15,BJP,Welfare,Welfare delivery: Ujjwala/toilets/Saubhagya/Jal Jeevan/PM-AWAS/PMGKAY,2014-2026,3,last_mile|public_health|dependency_risk,5|4|-1,"10 cr LPG connections, 12 cr+ toilets, 2.9 cr electrified households, 15.7 cr tap connections, 44 cr Ayushman cards, free grain to 80 cr through COVID and beyond",https://x.com/PIB_India/status/2063947320291676341;https://www.newkerala.com/news/a/number-jan-dhan-accounts-rise-5815-crore-deposits-856.htm,8.0
B16,BJP,Security,Article 370 abrogation + J&K reorganisation (2019),2019,3,decisiveness|legal_durability|manner_federalism|statehood_promise|elections_delivered,3|2|-3|-2|2,"SC upheld abrogation 5-0 (Dec 11, 2023) but manner (detentions, 4G freeze ~552 days, state->UT downgrade) chastened federalism; SC ordered polls by Sep 2024 (held; NC formed govt) & statehood 'at earliest' — still pending 2026, Omar Abdullah mulls SC move",https://www.scobserver.in/reports/abrogation-of-article-370-judgement-summary/;https://www.business-standard.com/india-news/omar-abdullah-supreme-court-case-restoration-jammu-kashmir-statehood-125101900140_1.html,1.2
B17,BJP,Cohesion,CAA 2019 + NRC rhetoric,2019,2,constitutional_equality|process|humanitarian_intent,-2|-1|1,Religion-linked citizenship test unprecedented in national law; Assam NRC excluded 19L (incl. many Hindus) and BJP then repudiated its own SC-monitored NRC; rules notified only Mar 2024,https://scroll.in/latest/935747/assams-final-national-register-of-citizens-will-be-published-today,-1.33
B18,BJP,Cohesion,Triple Talaq Act 2019,2019,2,gender_equality|process|criminalisation_debate,3|-1|-1,Enforced SC's Shayara Bano (2017) strike-down into law; but refused select-committee scrutiny; 3-yr jail for civil wrong debated,https://www.thehindu.com/news/national/wont-allow-passage-of-triple-talaq-bill-in-rajya-sabha-congress/article62012149.ece;https://www.indiatoday.in/india/story/parliament-live-updates-triple-talaq-bill-rajya-sabha-lok-sabha-1575031-2019-07-30,0.67
B19,BJP,Economy,Demonetisation 2016,2016,3,design_evidence|economic_cost|consultation|stated_aim_delivery,-5|-4|-4|-3,RBI Annual Report 2017-18: 99.3% (Rs15.31L cr of 15.41L cr) of banned notes returned — black-money aim unmet; informal sector & growth hit; goals later re-framed (cashless/formalisation); RBI board met same evening,https://timesofindia.indiatimes.com/business/india-business/99-3-demonetised-notes-worth-rs-15-3-lakh-crore-returned-rbi/articleshow/65589633.cms,-12.0
B20,BJP,Economy,GST 2017 -> GST 2.0 (Sep 2025),2017-2025,2,reform_content|rollout|federal_council|rationalisation,4|-2|3|3,India's biggest indirect-tax reform (101st Amendment) with Council model; glitchy rollout & slab sprawl fixed only in 2025 (5%/18% + 40% sin) — credit shared with UPA-era design & state consensus,https://static.pib.gov.in/WriteReadData/specificdocs/documents/2025/sep/doc202594628401.pdf,4.0
B21,BJP,Economy,Insolvency & Bankruptcy Code 2016 + bank AQR cleanup,2016,1,structural_reform,4,Credible exit regime; NPA cycle recognised & banker discipline imposed (haircuts real),"https://en.wikipedia.org/wiki/Insolvency_and_Bankruptcy_Code,_2016",4.0
B22,BJP,Infrastructure,"Highway/rail capex push, Vande Bharat, Gati Shakti",2014-2026,2,delivery|scale,3|3,NH pace ~2x; 150+ Vande Bharat rakes; logistics-cost agenda; sustained capital expenditure,https://pib.gov.in (NHAI/Ministry of Railways releases),6.0
B23,BJP,Economy,PLI & Make in India,2020-2026,1,intent|manufacturing_share_result,3|-1,"14-sector PLI; manufacturing share ~13-17% vs 25% target; assembly gains in electronics, not full industrialisation",https://en.wikipedia.org/wiki/Production_linked_incentive_scheme,1.0
B24,BJP,Crisis,COVID-19 management,2020-2022,3,vaccination|welfare_cushion|lockdown_planning|second_wave|data_transparency|fund_transparency,4|3|-3|-4|-3|-2,"220.66cr doses by Jan 2023 + PMGKAY to 80 cr; vs 4-hr lockdown notice migrant crisis ('no data' in Parliament), 2021 oxygen catastrophe, WHO excess-death estimate 4.7m vs official ~0.48m(2020-21) rejected by govt, PM CARES outside RTI/ CAG audit refused in SC",https://www.indiaspend.com/covid-19/india-had-most-pandemic-related-deaths-of-any-country-at-47-million-says-who-816250,-2.5
B25,BJP,Economy,Farm laws 2020-21,2020-2021,3,reform_intent|consultation|legislative_process|reversal_handling,2|-4|-4|1,Three ordinances -> RS voice vote without division; year-long Delhi-border protests (700+ deaths); SC stayed laws Jan 2021; repealed without debate (3 min LS/9 min RS) weeks ahead of UP/Punjab polls,https://en.wikipedia.org/wiki/2020_Indian_agriculture_acts;https://www.isas.nus.edu.sg/papers/repeal-of-the-farm-laws-haste-shows-up-parliaments-failings/,-3.75
B26,BJP,Corruption,Electoral Bonds scheme (2018-24),2018-2024,3,transparency|asymmetry|process_defiance,-5|-5|-3,"Anonymous donor regime via money bills; BJP encashed Rs6,566 cr of ~Rs12,000 cr disclosed audit window (Congress Rs1,123 cr); SC unanimously struck it down Feb 15, 2024 (Art 19(1)(a) — donor info is voters' right); SBI delay bid rebuffed; donor-recipient link forced",https://www.indiatoday.in/law/story/state-bank-of-india-sbi-supreme-court-deadline-furnishing-data-on-electoral-bonds-2510478-2024-03-04;https://www.indiatoday.in/law/story/supreme-court-strikes-down-electoral-bond-scheme-sbi-to-give-details-to-election-commission-2502404-2024-02-15,-13.0
B27,BJP,Democracy,"Pressure on checks: ED/CBI skew, CEC Act 2023, RBI exits, data delays",2014-2026,3,institutional_neutrality|statistical_integrity,-4|-2,"IE data: 95% of ED(115/121) & CBI(118/124) politician cases since 2014 vs Opposition (UPA decade: 54% opp.); CEC Act removed CJI from panel post-Anoop Baranwal (SC declined stay; Rahul dissent note on Gyanesh Kumar appointment); PLFS 2017-18 (6.1%, 45-yr high) released only post-2019 polls; RBI governor resignation",https://indianexpress.com/article/india/congress-mentions-indian-express-investigation-hits-out-at-govt-over-ed-misuse-8164879/;https://www.indiatoday.in/business/story/india-unemployment-rate-6-1-per-cent-45-year-high-nsso-report-1539580-2019-05-31;https://indianexpress.com/article/explained/explained-law/election-commission-sc-challenge-appointment-process-10679037/,-9.0
B28,BJP,Democracy,Chandigarh mayoral ballot tampering (2024),2024,1,electoral_conduct,-3,SC found presiding officer (a BJP office-bearer) deliberately defaced 8 ballots; AAP candidate declared winner; 'this cannot be allowed in an electoral democracy',https://www.livelaw.in/top-stories/supreme-court-declares-aap-councillor-as-chandigarh-mayor-finds-that-presiding-officer-deliberately-defaced-ballots-249992,-3.0
B29,BJP,Democracy,"Government formation after verdicts (Karna 2019, MP 2020, Maha 2019/22)",2019-2022,2,mandate_respect,-3,"Series of post-poll formations engineered via defections/Anti-defection splits, incl. Maharashtra overnights; Congress-era precedent (1970s-80s dissidence) acknowledged as shared bad heritage",https://en.wikipedia.org/wiki/2019_Karnataka_political_crisis,-6.0
B30,BJP,Democracy,"Press & civil society environment: RSF 151/180 (2025), Pegasus, FCRA squeeze",2014-2025,2,press_freedom|right_to_privacy|ngo_space,-2|-3|-2,"RSF: 'unofficial state of emergency' since 2014; SC Pegasus panel (2022): govt 'did not cooperate', 5/29 phones 'some malware' inconclusive + no criminal findings; Amnesty India shut 2020 under FCRA regime",https://www.outlookindia.com/national/india-ranks-151-out-of-180-countries-in-world-press-freedom-index-2025-rsf-calls-it-one-of-worlds-most-dangerous-countries;https://indianexpress.com/article/india/supreme-court-pegasus-spyware-case-8110566/,-4.67
B31,BJP,Cohesion,Manipur 2023-26,2023-2026,3,early_inaction|pm_attention|recovery|resettlement,-4|-2|2|-1,"Ethnic war from May 2023; PM public comment only after video case (Jul 2023) & first visit Sep 13, 2025 (28 months later); Biren Singh resigned Feb 9, 2025 after no-confidence threat & forensic audio claims; President's Rule restored order (>3,000 arms recovered; Kuki SoO renewed Sep 2025); ~60k displaced largely unresettled; BJP govt restored Feb 4, 2026 while Kuki-Naga front reopened",https://en.wikipedia.org/wiki/2023%E2%80%932026_Manipur_conflict;https://nagalandtribune.in/year-ender-2025-manipur-edges-toward-normalcy-under-prez-rule-after-prolonged-ethnic-unrest/,-3.75
B32,BJP,Security,"Cross-LoC ops doctrine: Uri (2016), Balakot (2019), Sindoor (2025)",2016-2025,2,deterrence|transparency,4|-1,"Sindoor: 9 terror HQs destroyed, 100+ killed, 11 Pak airbases hit (PIB); doctrine reset Pak calculus; but ceasefire announced by Trump first & DGMO-level exit queried at home; CDS later said 'decided between two DGMOs'",https://www.pib.gov.in/Pressreleaseshare.aspx?PRID=2128748&reg=48&lang=2;https://www.tribuneindia.com/news/world/decided-between-two-dgmos-former-cds-gen-anil-chauhan-on-trumps-claim-on-india-pakistan-ceasefire-during-operation-sindoor/,3.0
B33,BJP,Security,"Pahalgam terror attack (Apr 22, 2025)",2025,2,intelligence_failure,-3,26 civilians asked religion & killed in open tourist meadow; security posture failed despite 370-era normalcy claims,https://www.pib.gov.in/Pressreleaseshare.aspx?PRID=2128748&reg=48&lang=2,-6.0
B34,BJP,Security,China LAC 2020 (Galwan) & 2024 disengagement,2020-2024,2,deterrence|optics|resolution,-1|-2|1,20 soldiers lost; buffer-zone lock-in at patrol points; PM's 'no one intruded' line hurt negotiating optics; Depsang/Demchok patrolling restored Oct 2024 (partial thaw),https://en.wikipedia.org/wiki/2020%E2%80%932021_China%E2%80%93India_skirmishes,-1.33
B35,BJP,Security,"Red Fort car blast (Nov 10, 2025)",2025,1,prevention|preemptive_bust,-2|2,"15 dead in capital blast by 'white-collar' doctor module; but J&K+Faridabad raids seized 2,900kg explosives in days prior; NIA charge sheeted",https://en.wikipedia.org/wiki/2025_Delhi_car_explosion,0.0
B36,BJP,Security,Foreign policy arc (Quad/G20/Chandrayaan-3; Bangladesh-Maldives-Canada frictions; US tariff crisis),2014-2026,2,global_standing|neighbourhood|us_management|strategic_autonomy,3|-1|-2|1,"G20 2023 & Chandrayaan-3 stature; but Dhaka slip, Male reset, Nijjar row; Trump 50% tariffs (Aug 2025) then Feb 2, 2026 deal at 18% (details opaque per analysts)",https://www.aljazeera.com/economy/2026/2/2/trump-to-slash-us-tariffs-on-india-from-50-percent-to-18-percent,0.5
B37,BJP,Economy,National Education Policy 2020,2020,1,structural_reform,3,First systemic education revamp in 34 years; implementation uneven,https://en.wikipedia.org/wiki/National_Education_Policy_2020,3.0
B38,BJP,Democracy,Women's Reservation (Nari Shakti Vandan) 2023,2023,1,inclusion_intent|delay_clause,3|-1,33% reservation enacted unanimously-ish; activation tied to census+delimitation (~2029+),https://en.wikipedia.org/wiki/Nari_Shakti_Vandan_Adhiniyam,1.0
B39,BJP,Institutions,Census: 2021 skipped -> 2027 with caste enumeration,2021-2025,1,data_stewardship|course_correction,-2|2,"First census deferral since 1881 sequence broke (COVID cited, but timeline slipped 4yrs); June 2025: Census-2027 notified with first caste count since 1931 (post RG/agitation pressure)",https://www.pib.gov.in/PressReleasePage.aspx?PRID=2133845&reg=48&lang=2,0.0
B40,BJP,Cohesion,Waqf (Amendment) Act 2025,2025,1,reform_intent|overreach|polarisation,1|-1|-1,"JPC route + dissent notes ignored (Jairam Ramesh); SC interim order Sep 15, 2025 stayed 5-yr-Islam clause & collector adjudication, capped non-Muslim members; rest survives",https://www.scobserver.in/reports/constitutionality-of-waqf-amendment-act-interim-stay-judgement-pronouncement/,-0.33
B41,BJP,Democracy,Constitution (130th Amendment) Bill 2025 — auto-removal of jailed ministers,2025,1,accountability_intent|misuse_risk,2|-2,"Solves 'governance from jail' (Kejriwal/Soren precedent); but 30-day-custody trigger + agency capture context = constitutional risk; INDIA bloc boycotting JPC, NCP-SP joined",https://indianexpress.com/article/india/amit-shah-interview-elections-parliament-opposition-bills-constitution-10210022/,0.0
B42,BJP,Economy,Welfare-populism drift (freebies both ways: Ladki Bahin etc.),2023-2025,1,fiscal_prudence,-1,BJP states mirror 'revdi' it campaigned against; state deficits stressed,https://en.wikipedia.org/wiki/Ladki_Bahin_Yojana,-1.0
B43,BJP,Democracy,New criminal codes passed amid 146 MP suspensions (Dec 2023),2023,1,modernisation|process,2|-3,BNS/BNSS/BSA replaced colonial trio — significant law passed with 19% of House suspended; PRS: 17th LS sent only 16% of bills to committees (vs 71% in 15th),https://www.rediff.com/news/report/ls-passed-half-of-bills-after-debating-each-for-less-than-2-hrs-report/20231222.htm;https://www.newslaundry.com/2026/08/20/bills-passed-in-3-minutes-9-with-no-mps-speaking-parliaments-growing-scrutiny-gap,-0.5
B44,BJP,Democracy,One Nation One Election: Kovind panel ->129th Amendment ->JPC (Dec 2024-2026),2024-2026,1,deliberation|federal_concern,1|-1,Bills sent to 31-member JPC (P.P. Chaudhary); extended to Winter Session 2026; 2029 rollout target; artwork of opposition fear unaddressed,https://www.manoramayearbook.in/current-affairs/india/2026/07/30/jpc-examining-bills-on-one-nation-one-election.html,0.0
O1,CONG-OPP,SupportLedger,Congress support during Kargil (1999) + KRC acceptance,1999,2,united_front,3,"Classic constructive opposition in war: backed conduct, demanded review after","standard reportage, e.g. https://en.wikipedia.org/wiki/Kargil_War",6.0
O2,CONG-OPP,SupportLedger,Resistance to 2015 land ordinance ('suit-boot') -> rollback,2015,2,stakeholder_defence|evidence_based,3|3,Forced govt to let the ordinance lapse (Aug 2015); protected 2013 consent regime for farmers,"https://en.wikipedia.org/wiki/Right_to_Fair_Compensation_and_Transparency_in_Land_Acquisition,_Rehabilitation_and_Resettlement_Act,_2013",6.0
O3,CONG-OPP,SupportLedger,Farm-laws opposition -> SC stay + repeal,2020-2021,2,vindication,3,"Warning exactly what analysts said: no consultation would doom it; SC stayed Jan 12, 2021; laws repealed Dec 1, 2021",https://en.wikipedia.org/wiki/2020_Indian_agriculture_acts,6.0
O4,CONG-OPP,SupportLedger,Demonetisation critique,2016-2018,2,vindication,3,RBI's 99.3% return data vindicated critics on black-money claim,https://economictimes.indiatimes.com/news/economy/finance/after-almost-two-years-of-counting-rbi-says-99-3-of-demonetised-notes-returned/articleshow/65589904.cms,6.0
O5,CONG-OPP,SupportLedger,Aadhaar money-bill challenge (Jairam Ramesh),2016-2018,1,vindication_partial,2,SC (2018) upheld Aadhaar but struck corporate-linkage (Sec 57) & mandated privacy limits — core civil-liberty ask,"https://en.wikipedia.org/wiki/Aadhaar_Act,_2016",2.0
O6,CONG-OPP,SupportLedger,Rafale campaign ('chowkidar chor hai'),2018-2019,1,scrutiny|overreach,2|-2,"Right to question 7.877bn offsets/price; but SC gave clean chit (2018, review dismissed 2019); AG compelled apology for attributing slogan to SC",https://en.wikipedia.org/wiki/Rafale_deal_controversy,0.0
O7,CONG-OPP,SupportLedger,CAA opposition (2019),2019,1,constitutional_principle,2,Art 14 objection principled; joined protests without arson; SC reference pending (open),"https://en.wikipedia.org/wiki/Citizenship_(Amendment)_Act,_2019",2.0
O8,CONG-OPP,SupportLedger,370 abrogation opposition (manner focus),2019,1,principle|national_mood_read,2|-1,Opposed bifurcation+process (voted against Reorganisation Bill; 'every voice should be heard': RG); SC upheld substance; leaders like Scindia broke ranks — party line read as anti-national by voters,https://www.nationalheraldindia.com/national/supreme-court-upholds-the-abrogation-of-article-370-orders-restoration-of-jk-statehood,0.5
O9,CONG-OPP,SupportLedger,Women's Reservation vote (2023),2023,1,collaboration,2,Voted for; demanded immediate implementation + OBC sub-quota — constructive posture,https://en.wikipedia.org/wiki/Nari_Shakti_Vandan_Adhiniyam,2.0
O10,CONG-OPP,SupportLedger,Operation Sindoor solidarity (2025),2025,2,united_front,3,"Full backing post-Pahalgam; Kharge/RG support; joined all-party global delegations (Tharoor led one); critique (aircraft losses, Trump-claim questions in Monsoon debate) kept inside Parliament not streets",https://www.prokerala.com/news/articles/a1658346.html,6.0
O11,CONG-OPP,SupportLedger,'Vote chori'/SIR campaign (2025-26),2025-2026,2,anomaly_spotlight|overclaim,1|-2,"Raised real data-quality issues (ECI itself filed FIR on Aland deletion attempts); but Mahadevapura '1,00,000 stolen votes' rebutted as wrong analysis by CEC; refused 7-day affidavit challenge ('apologise to nation' ultimatum); some viral cases disproved (Subodh Kumar BLA episode); Bihar result weakened claim",https://www.indiatoday.in/india/story/election-commission-eci-counters-rahul-gandhi-charges-voter-fraud-house-number-address-vote-chori-sir-bihar-supreme-court-2772457-2025-08-17;https://www.indiatoday.in/amp/india-today-insight/story/vote-chori-why-its-in-election-commission-interest-to-prove-rahul-gandhi-wrong-2789535-2025-09-18,-1.0
O12,CONG-OPP,SupportLedger,Session washout tactics (2021 Pegasus monsoon etc.),2021,1,constructiveness,-1,Disruption over debate — same sin it attributes to treasury benches,https://en.wikipedia.org/wiki/17th_Lok_Sabha,-1.0
O13,CONG-OPP,SupportLedger,COVID-era conduct,2020-2021,1,constructive_input,1,"RG's Feb 2020 warnings were early & prescient; proposals (NYAY-style cash, vaccines free) partially adopted (free jabs reversed June 2021)","Rahul Gandhi public warnings on COVID from Feb 21, 2020 (contemporaneous PTI/ANI coverage; widely rebroadcast)",1.0
O14,CONG-OPP,SupportLedger,Triple talaq bill stance (2017-19),2017-2019,1,process_defence|clarity,1|-1,"Supported SC verdict, opposed criminalisation, demanded select committee (voted against when denied); read by base as equivocation",https://www.indiatoday.in/india/story/parliament-live-updates-triple-talaq-bill-rajya-sabha-lok-sabha-1575031-2019-07-30,0.0
O15,CONG-OPP,SupportLedger,"Electoral bonds: opposed, but encashed Rs1,123 cr",2018-2024,1,consistency,-1,Principled opposition to scheme diluted by receipt of 11% of disclosed bond money,https://www.indiatoday.in/law/story/state-bank-of-india-sbi-supreme-court-deadline-furnishing-data-on-electoral-bonds-2510478-2024-03-04,-1.0
P1,BJP-OPP,SupportLedger,Voted against nuclear deal trust motion (2008),2008,2,national_interest_misread,-2,'Government-in-waiting' behaved as spoiler on civil nuclear; in office 2014 it deepened every page of the same deal architecture (example of partisan flip),https://en.wikipedia.org/wiki/July_2008_confidence_vote,-4.0
P2,BJP-OPP,SupportLedger,FDI in multi-brand retail blockade (2012),2012,1,consistency,-1,"Street veto + manifesto pledge to reverse; in office, eased single-brand/defence FDI; flip-flop both ways",https://en.wikipedia.org/wiki/Foreign_direct_investment_in_retail_in_India,-1.0
P3,BJP-OPP,SupportLedger,GST blockade 2011-13 (BJP-ruled states incl. Modi's Gujarat),2011-2013,1,federal_bargaining_sins,-1,"Killed India's biggest tax reform for 3 years (methinks of Rs14,000 cr Gujarat loss claim); Congress-ruled states also dissented; Modi later admitted doubts in LS (Aug 9, 2016)",https://www.governancenow.com/news/regular-story/-recalling-a-time-when-bjp-opposed-gst--,-1.0
P4,BJP-OPP,SupportLedger,Aadhaar hostility pre-2014 (Modi: 'jadi booti') -> embrace,2013-2016,1,reversal_hypocrisy,-2,"Called it security threat/gimmick, then made it the spine of Digital India within months (Nilekani persuaded Modi-Jaitley June 2014)",https://www.boomlive.in/narendra-modi-from-aadhaar-critic-to-champion-a-factcheck,-2.0
P5,BJP-OPP,SupportLedger,"MGNREGA mockery ('monument of failure', Feb 2015) -> record use",2015,1,aged_badly,-1,Y2 of govt rhetoric; same govt later ran record outlays and praised it as COVID lifeline,https://www.ndtv.com/opinion/mnrega-once-reviled-by-pm-narendra-modi-saved-the-day-2370825,-1.0
P6,BJP-OPP,SupportLedger,JPC demand on 2G (2010-11),2010,1,watchdog,2,Persistent demand for joint parliamentary probe — textbook opposition function (won concession),https://en.wikipedia.org/wiki/2G_spectrum_case,2.0
P7,BJP-OPP,SupportLedger,"Consensus moments: NIA Bill (Dec 2008), RTE (2009)",2008-2009,1,collaboration,2,Passed anti-terror & education laws with UPA after 26/11 — constructive posture during crisis,https://en.wikipedia.org/wiki/National_Investigation_Agency,2.0
P8,BJP-OPP,SupportLedger,Cash-for-votes whistleblowing (2008),2008,1,anti_corruption,1,BJP MPs exposed bribe trail on floor; courts later accepted whistleblower defence (2013),https://www.ndtv.com/india-news/cash-for-vote-scam-amar-singh-three-bjp-leaders-who-waved-cash-in-parliament-let-off-542036,1.0
P9,BJP-OPP,SupportLedger,Insurance FDI 49% stall until 2015 flip,2012-2015,1,consistency,-1,"Held up UPA's 49% insurance FDI, passed same in office","https://en.wikipedia.org/wiki/Insurance_Laws_(Amendment)_Act,_2015",-1.0
P10,BJP-OPP,SupportLedger,Parliament paralysis strategy 2012-13 (Coalgate sessions lost),2012,1,constructiveness,-1,'No House without resignation' doctrine killed monsoon sessions; set later-cited precedent for washouts,https://en.wikipedia.org/wiki/Indian_coal_allocation_scam,-1.0
M01,MODI,Cohesion,2002 Gujarat (as CM),2002,3,prevention_response|judicial_outcome|long_shadow,-3|2|-1,"SIT clean chit (2012) upheld by SC June 24, 2022 (plea 'devoid of merit'); US visa denied 2005 under religious-freedom clause; political responsibility debate endures",https://www.tribuneindia.com/news/nation/sc-dismisses-zakia-jafris-plea-challenging-sits-clean-chit-to-64-people-including-then-cm-narendra-modi-in-2002-gujarat-riots-case-406574,-2.0
M02,MODI,Economy,Gujarat development record (CM 2001-14),2001-2014,1,growth|social_indices,3|-1,Agriculture/industry growth strong; malnutrition/inequality middling (Sen vs Bhagwati debate),https://en.wikipedia.org/wiki/Gujarat_model,1.0
M03,MODI,Leadership,Delivery discipline & campaign stamina,2001-2026,1,execution_drive,3,"Personal oversight of delivery targets (Swachh timelines, electrification dashboards)",https://pib.gov.in (multiple dashboard releases),3.0
M04,MODI,Integrity,Personal financial probity,2001-2026,2,personal_corruption,4,No personal graft charge across 25 years of office — rare among Indian chief executives,public record (no FIR/charge); contrasted with opp. cases under B27,8.0
M05,MODI,Communication,Mann Ki Baat (100+ episodes),2014-2026,1,direct_communication,2,"Monthly radio bridge to mass public — continuous civic presence, one-way format noted",https://en.wikipedia.org/wiki/Mann_Ki_Baat,2.0
M06,MODI,Accountability,No solo open press conference in 12 years,2014-2026,1,press_accountability,-3,AP (2023): never held solo presser as PM; July 2026 NZ/Melbourne exchanges repeated pattern; scripted interviews/podcasts != open questioning,https://apnews.com/article/biden-modi-press-conference-india-e9deb7a1115952f95e3683b156d4ed86;https://www.nriaffairs.com/modi-press-conference-mea-new-zealand-2026/,-3.0
M07,MODI,Economy,Demonetisation ownership,2016,2,evidence_based_decision,-3,"Personal unilateral call announced Nov 8, 2016; RBI outcome data defeat stated aim",https://timesofindia.indiatimes.com/business/india-business/99-3-demonetised-notes-worth-rs-15-3-lakh-crore-returned-rbi/articleshow/65589633.cms,-6.0
M08,MODI,Crisis,Campaigning through Wave-2 (Apr 2021 Bengal rallies),2021,2,prioritisation,-3,Mass political rallies amid record infections; Kumbh overlap; WHO excess-death context,https://www.indiaspend.com/covid-19/india-had-most-pandemic-related-deaths-of-any-country-at-47-million-says-who-816250,-6.0
M09,MODI,Cohesion,Manipur silence & 28-month-late visit,2023-2025,2,attention_to_crisis,-3,"First public statement only after viral video (Jul 20, 2023); visit Sep 13, 2025; wounds said to have deepened meanwhile",https://en.wikipedia.org/wiki/2023%E2%80%932026_Manipur_conflict,-6.0
M10,MODI,Security,Operation Sindoor decisiveness,2025,2,resolve|messaging,3|1,PM-owned doctrine: deep strikes on 11 airbases of a nuclear rival + 'blood and water' posture; ceasefire-claim management cost points,https://www.pib.gov.in/Pressreleaseshare.aspx?PRID=2128748&reg=48&lang=2,4.0
M11,MODI,Security,Global leadership arc (2014-2026),2014-2026,1,stature|trade_blow,2|-1,Quad/G20/Yoga-day branding; 2025: 50% US tariffs bruising reset,https://www.aljazeera.com/economy/2026/2/2/trump-to-slash-us-tariffs-on-india-from-50-percent-to-18-percent,0.5
M12,MODI,Cohesion,Polarising campaign rhetoric (2024),2024,1,social_cohesion,-2,"'Mangalsutra', 'infiltrators' framing rebuked as divisive (opposition complaints to ECI); base-mobilising but socially costly",https://www.indiatoday.in (May-2024 campaign coverage),-2.0
M13,MODI,Integrity,Electoral-bond asymmetry beneficiary (party chief architect era),2018-2024,1,funding_transparency,-2,Scheme ran on govt signature; PMO defended it even in SC — personal imprint (no personal quid pro quo proven),https://www.indiatoday.in/law/story/supreme-court-strikes-down-electoral-bond-scheme-sbi-to-give-details-to-election-commission-2502404-2024-02-15,-2.0
M14,MODI,Communication,Cultural diplomacy (International Yoga Day etc.),2014-2026,1,soft_power,1,UN-recognised global day; cabin-class branding of India,https://en.wikipedia.org/wiki/International_Yoga_Day,1.0
M15,MODI,Accountability,Degree-record opacity,2016-2023,1,transparency,-1,"DU/MA disclosures via affidavits; Gujarat HC set aside CIC order to disclose degree records — legally sustained, politically foggy",https://indianexpress.com (Gujarat HC 2023 order coverage),-1.0
M16,MODI,PartyCulture,No family in politics,2001-2026,1,nepotism_hygiene,2,Personal office kept family-free (contrast with dynasty culture target of his critique),public record,2.0
R01,RG,Integrity,"Tore up own govt's ordinance (Sep 27, 2013)",2013,2,principle|party_discipline_cost,4|-1,Publicly killed UPA Cabinet's ordinance shielding convicted lawmakers (post-Lily Thomas) — forced withdrawal; humiliated own PM abroad but embody anti-criminalisation principle,https://www.bbc.com/news/world-asia-india-24295768,3.0
R02,RG,Welfare,Bhatta Parsaul -> Land Act activism (2011-13),2011,1,stakeholder_advocacy,2,Early standing with farmers vs land acquisition; fed into LARR 2013,https://en.wikipedia.org/wiki/Bhatta_Parsaul_incident,2.0
R03,RG,CampaignEthics,'Chowkidar chor hai' (2019),2019,2,evidence_rigor|legal_fallout,-3|-2,Attribution of slogan to SC forced written apology in contempt; SC's Rafale clean chit punctured the central claim,https://en.wikipedia.org/wiki/Rafale_deal_controversy,-5.0
R04,RG,Welfare,NYAY manifesto (2019),2019,1,policy_innovation|fiscal_plan,2|-1,Minimum-income guarantee proposed by credible economists; funding map fuzzy,https://en.wikipedia.org/wiki/Nyuntam_Aay_Yojana,0.5
R05,RG,Leadership,Resignation after 2019 defeat,2019,1,accountability,1,Owned 52-seat loss — rare accountability gesture in Indian party politics (family returned to helm de facto),https://en.wikipedia.org/wiki/2019_Indian_general_election,1.0
R06,RG,PartyCulture,Dynasty embodiment,2004-2026,2,internal_democracy_principle,-3,"Career launch via family seat; Amethi lost (2019), refuge in family borough Rae Bareli (2024); violates ideal-party Principle 1 optics even after Kharge election",https://en.wikipedia.org/wiki/2022_Indian_National_Congress_presidential_election,-6.0
R07,RG,Crisis,Early COVID warnings (Feb 2020),2020,1,foresight,2,Repeated Feb-2020 tweets/alerts before govt acted; vindicated by events,https://www.bbc.com/news/world-asia-53569567,2.0
R08,RG,Leadership,Bharat Jodo Yatra (Sep 2022-Jan 2023),2022-2023,2,stamina|bridge_building|cadre_revival,3|2|2,"~4,080 km Kanyakumari-Kashmir walk re-energised workers & softened image; Nyay Yatra followed 2024",https://en.wikipedia.org/wiki/Bharat_Jodo_Yatra,4.67
R09,RG,Leadership,LoP era: 99 seats (2024) + agenda-setting (caste census adopted Apr 2025),2024-2026,2,electoral_recovery|agenda_power,2|2,Led INDIA to 234; forced BJP U-turn toward caste enumeration in Census-2027,https://frontline.thehindu.com/politics/caste-census-bjp-policy-shift-bihar-election-reservations/article69543537.ece,4.0
R10,RG,Accountability,'Modi surname' remark: conviction -> SC stay,2019-2023,1,discipline|systemic_vindication,-2|1,"Conviction (max 2 yrs) led to disqualification; SC stayed Aug 4, 2023 noting no reasons for max sentence; seat restored — judicially sloppy process, politically careless speech both true",https://www.outlookindia.com/national/rahul-gandhi-defamation-case-timeline-the-long-road-from-modi-surname-remarks-to-supreme-court-stay-on-conviction-news-308146,-0.5
R11,RG,Accountability,'Vote chori' campaign (2025),2025,1,evidence_partial|overreach,1|-2,"Real roll anomalies surfaced (Aland FIR by ECI itself), but headline '1 lakh stolen votes' charge rebutted; 7-day affidavit ultimatum ignored; weakened by Bihar wipeout",https://www.ndtv.com/india-news/improper-phrases-poll-body-on-rahul-gandhis-vote-chori-charge-9102026,-0.5
R12,RG,FactDiscipline,Recurring factual/slogan slips,2017-2025,1,fact_rigor,-1,Series of incorrect claims caught by fact-checks (keeps ammunition flowing to opponents),compiled fact-check record (Factly/Alt News archives),-1.0
R13,RG,Communication,"Foreign-venue remarks controversies (2022 UK, 2024 US)",2022-2024,1,optics,-1,Democracy/religious-freedom critiques abroad invite 'defaming India' charge; cuts both ways,https://en.wikipedia.org/wiki/Rahul_Gandhi,-1.0
R14,RG,Cohesion,Consistent pluralism/Constitution-voice,2019-2026,1,constitutional_messaging,1,Sustained 'save the Constitution' frame; residually shaped INDIA's 2024 agenda,https://en.wikipedia.org/wiki/2024_Indian_general_election,1.0
C32,CONG,Democracy,"Art 356 misuse: Bihar assembly dissolved (2005) — SC rebuke (Rameshwar Prasad, 2006)",2005,2,constitutional_order,-3,UPA-1 centre dissolved Bihar assembly on governor's report; SC called it unconstitutional — a landmark federal-institutions check against the ruling coalition,https://en.wikipedia.org/wiki/Rameshwar_Prasad_v._Union_of_India,-6.0
C33,CONG,Democracy,Legacy: Art 356 invoked ~90 times by Congress-era centres (incl. mass dismissals 1977/1980),1950-1994,2,federalism,-4,Indira-era wholesale dismissal of non-Congress state governments corroded federalism; S.R. Bommai (SC 1994) finally curbed it,https://en.wikipedia.org/wiki/President%27s_rule,-8.0
C34,CONG,Democracy,S.R. Bommai verdict era (1994) curtailed Art 356 abuse,1994,1,judicial_backstop,2,"Nine-judge bench under Congress-era restored judicial review over dismissals — system's self-correction (credit shared, not party-owned)",https://en.wikipedia.org/wiki/S._R._Bommai_v._Union_of_India,2.0
B45,BJP,PartyCulture,"Internal democracy: consensus-selected presidents, RSS oversight",2014-2026,2,internal_democracy|cadre_strength|ideological_discipline,-3|3|-1,No contested national-president election in living memory (vs Congress's 2022 ballot); but booth-level machinery strongest in India; Nitin Nabin's 2026 elevation continued consensus model,https://www.hindustantimes.com/india-news/election-results-2026-eci-live-updates-election-commission-of-india-west-bengal-tamil-nadu-kerala-assam-polls-latest-evm-101777849967378.html,-0.67
