year,date,era,actor_in_office,event,category,proof
1947,Aug 15,Congress era,Congress (Nehru,Patel),"Independence; integration of ~560 princely states",Foundational,https://en.wikipedia.org/wiki/Political_integration_of_India
1950,Jan 26,Congress era,Congress,"Constitution adopted (Ambedkar-led, Constituent Assembly)",Foundational,https://en.wikipedia.org/wiki/Constitution_of_India
1951,,Congress era,Congress,"First IIT (Kharagpur) established",Institution,https://en.wikipedia.org/wiki/Indian_Institutes_of_Technology
1955-56,,Congress era,Congress,"Hindu Code Bills passed (marriage, succession, adoption, maintenance)",Social reform,https://en.wikipedia.org/wiki/Hindu_code_bills
1956,,Congress era,Congress,"AIIMS established",Institution,https://en.wikipedia.org/wiki/All_India_Institutes_of_Medical_Sciences
1961,Dec,Congress era,Congress,"Liberation of Goa",Security,https://en.wikipedia.org/wiki/Annexation_of_Goa
1962,Oct-Nov,Congress era,Congress,"Defeat vs China; Henderson-Brooks report kept secret for decades",Security,https://en.wikipedia.org/wiki/Sino-Indian_War
1965,Sep,Congress era,Congress (Shastri),"1965 war stalemate; food crisis; Green Revolution begins",Security,https://en.wikipedia.org/wiki/Indo-Pakistani_War_of_1965
1966,,Congress era,Congress (Indira),"Rupee devalued under pressure",Economy,https://en.wikipedia.org/wiki/Economic_history_of_India
1969,Jul,Congress era,Congress (Indira),"14 banks nationalised; ISRO founded; privy purses abolished later",Economy,https://en.wikipedia.org/wiki/Indian_Space_Research_Organisation
1971,Dec,Congress era,Congress (Indira),"1971 war: Bangladesh liberated; 93,000 PoWs",Security,https://en.wikipedia.org/wiki/Indo-Pakistani_War_of_1971
1972,Jul 2,Congress era,Congress,"Simla Agreement signed",Diplomacy,https://en.wikipedia.org/wiki/Simla_Agreement
1975,Jun 25,Congress era,Congress (Indira),"Emergency proclaimed (until Mar 21, 1977); press censored; 1,10,000+ detained",Democracy,https://en.wikipedia.org/wiki/The_Emergency_(India)
1977-78,,Janata era,Janata+Congress (under inquiry),"Shah Commission indicts Emergency: 'decision in Indira alone, not justified'",Democracy,https://en.wikipedia.org/wiki/Shah_Commission
1980,Jan,Congress era,Congress (Indira),"Congress returns to power",Elections,https://en.wikipedia.org/wiki/1984_Indian_general_election
1983,Feb,Congress era,Congress,"Nellie massacre (~2,000+ killed)",Cohesion,https://en.wikipedia.org/wiki/Nellie_massacre
1984,Jun,Congress era,Congress (Indira),"Operation Blue Star in Golden Temple",Security,https://en.wikipedia.org/wiki/Operation_Blue_Star
1984,Oct 31-Nov,Congress era,Congress (Rajiv),"Indira assassinated; anti-Sikh pogrom kills 2,700+ (Delhi official); Nanavati (2005): 587 FIRs, only 28 conviction cases",Cohesion,https://en.wikipedia.org/wiki/1984_anti-Sikh_riots
1984,Dec 3,Congress era,Congress,"Bhopal gas tragedy; CEO Anderson allowed to leave India",Accountability,https://en.wikipedia.org/wiki/Bhopal_disaster
1985-86,,Congress era,Congress (Rajiv),"Punjab & Assam & Mizoram accords (Mizoram peace durable)",Diplomacy,https://en.wikipedia.org/wiki/Rajiv%E2%80%93Longowal_Accord
1986,Feb-May,Congress era,Congress,"Babri locks opened; Shah Bano SC (1985) overturned via Muslim Women Act 1986",Cohesion,https://en.wikipedia.org/wiki/Muslim_Women_(Protection_of_Rights_on_Divorce)_Act_1986
1987,Mar-Apr,Congress era,Congress,"J&K polls rigged (Congress-NC vs MUF); Bofors scandal breaks",Democracy,https://caravanmagazine.in/vantage/mufti-mohammad-sayeed-shaped-1987-kashmir-elections
1987-90,,Congress era,Congress,"IPKF sent to Sri Lanka (India-Sri Lanka Accord); 1,200+ soldiers lost; Rajiv assassinated by LTTE 1991",Security,https://en.wikipedia.org/wiki/Indian_Peacekeeping_Force
1990,,Non-BJP non-Congress,Janata Dal (BJP-supported then withdrawn),"Mandal implemented by VP Singh; Advani's Rath Yatra arrested in Bihar; BJP pulls support",Cohesion,https://en.wikipedia.org/wiki/Mandal_commission
1991,Jul 24,Congress era,Congress (Rao,Singh),"Economic liberalisation: licence raj dismantled",Economy,https://en.wikipedia.org/wiki/Economic_liberalisation_in_India
1992,Dec 6,Congress era,Congress (Centre) + BJP (movement),"Babri Masjid demolished; riots kill ~2,000; Liberhan (2009) indicts 68 incl. BJP leaders",Cohesion,https://www.newindianexpress.com/nation/2019/Nov/09/ayodhya-verdict-babri-masjid-demolition-was-violation-of-law-says-supreme-court-2059473.html
1992-93,,Congress era,Congress,"73rd/74th Amendments constitutionalise Panchayati Raj",Democracy,https://en.wikipedia.org/wiki/Panchayati_raj
1995,,Congress era,Congress,"Delhi Metro Corp (DMRC) formed — executed bipartisanly onward",Infrastructure,https://en.wikipedia.org/wiki/Delhi_Metro
1998,May,NDA-1,BJP (Vajpayee),"Pokhran-II nuclear tests; sanctions follow, later recovered",Security,https://en.wikipedia.org/wiki/Pokhran-II
1999,Feb-Jul,NDA-1,BJP,"Lahore bus diplomacy; Kargil intrusion cleared without crossing LoC",Security,https://en.wikipedia.org/wiki/Kargil_War
1999,Dec,NDA-1,BJP,"IC-814 hijack resolves in Kandahar with release of Masood Azhar",Security,https://en.wikipedia.org/wiki/Indian_Airlines_Flight_814
1999,,NDA-1,BJP,"New Telecom Policy 1999 (revenue-share) rescues sector",Economy,https://en.wikipedia.org/wiki/Telecommunications_in_India
2000-01,,NDA-1,BJP,"Golden Quadrilateral launched; PMGSY; Sarva Shiksha Abhiyan",Infrastructure,https://en.wikipedia.org/wiki/Golden_Quadrilateral
2001,Mar-Dec,NDA-1,BJP,"Tehelka expose (party president caught on camera); coffin scam; Parliament attack (Dec 13)",Corruption,https://en.wikipedia.org/wiki/Operation_West_End
2002,Feb-Mar,NDA-1,BJP (state) + NDA (Centre),"Gujarat riots (~1,000+ dead); Vajpayee's 'rajdharma' remark; Modi retained",Cohesion,https://en.wikipedia.org/wiki/2002_Gujarat_riots
2002,,NDA-1,BJP,"POTA enacted; misused, repealed by UPA 2004",Democracy,https://en.wikipedia.org/wiki/Prevention_of_Terrorism_Act,_2002
2003,,NDA-1,BJP,"FRBM Act — first statutory fiscal discipline",Economy,https://en.wikipedia.org/wiki/Fiscal_Responsibility_and_Budget_Management_Act,_2003
2004,May,UPA-1,Congress (Manmohan),"'India Shining' fails rurally; UPA takes office",Elections,https://en.wikipedia.org/wiki/India_Shining
2005,Jun-Oct,UPA-1,Congress,"RTI Act passed/enforced",Democracy,https://en.wikipedia.org/wiki/Right_to_Information_Act,_2005
2005-06,,UPA-1,Congress,"MGNREGA enacted & rollout",Welfare,https://en.wikipedia.org/wiki/Mahatma_Gandhi_National_Rural_Employment_Guarantee_Act,_2005
2006,,UPA-1,Congress,"Forest Rights Act",Welfare,https://en.wikipedia.org/wiki/Scheduled_Tribes_and_Other_Traditional_Forest_Dwellers_(Recognition_of_Forest_Rights)_Act,_2006
2008,Jul 22,UPA-1,Congress,"Nuclear deal trust vote won 275-256; cash waved on LS floor (cash-for-votes)",Corruption,https://www.ndtv.com/india-news/cash-for-vote-scam-amar-singh-three-bjp-leaders-who-waved-cash-in-parliament-let-off-542036
2008,Oct,UPA-1,Congress,"NSG waiver: nuclear isolation ends; India-US deal sealed",Diplomacy,https://en.wikipedia.org/wiki/India%E2%80%93United_States_Civil_Nuclear_Agreement
2008,Nov 26-29,UPA-1,Congress,"26/11 Mumbai attacks (166 dead); NIA + UAPA amendments passed with all-party consensus (Dec)",Security,https://en.wikipedia.org/wiki/2008_Mumbai_attacks
2009,Apr,UPA-2,Congress,"RTE Act (free & compulsory education, enforced Apr 2010)",Welfare,https://en.wikipedia.org/wiki/Right_to_Education
2009,,UPA-1,Congress,"UIDAI/Aadhaar launched; NPCI rails (built 2008-) laid for future UPI",Institutions,https://indianexpress.com/article/political-pulse/aadhaar-journey-bjp-digital-india-9095394/
2010,Nov,UPA-2,Congress,"CAG: 2G 'presumptive loss' Rs 1.76 lakh crore; Raja resigns; JPC under BJP pressure",Corruption,https://en.wikipedia.org/wiki/2G_spectrum_case
2011,Apr-Aug,UPA-2,Congress,"Anna movement forces Lokpal issue (passed Dec 2013, weak)",Accountability,https://en.wikipedia.org/wiki/2011_Indian_anti-corruption_movement
2012,Feb 2,UPA-2,Congress-era verdict,"SC cancels 122 2G licences as arbitrary/unconstitutional",Corruption,https://en.wikipedia.org/wiki/2G_spectrum_case
2012,Dec-Mar,UPA-2,Congress,"Nirbhaya case -> Verma Committee -> Criminal Law (Amendment) Act 2013",Welfare,https://en.wikipedia.org/wiki/2012_Delhi_gang_rape_and_murder
2013,Jul 10,UPA-2,Congress-era verdict,"Lily Thomas: SC strikes s8(4) RPA — convicted lawmakers out immediately",Democracy,https://www.indiatimes.com/news/india/who-is-lilly-thomas-know-about-the-lawyer-whose-case-led-to-disqualification-of-rahul-gandhi-597004.html
2013,Sep 27,UPA-2,Rahul Gandhi,"Rahul publicly tears UPA ordinance saving convicted lawmakers ('complete nonsense'); ordinance withdrawn",Party conduct,https://www.bbc.com/news/world-asia-india-24295768
2013,,UPA-2,Congress,"NFSA 2013 + Land Acquisition Act 2013 (LARR)",Welfare,https://en.wikipedia.org/wiki/National_Food_Security_Act,_2013
2013,,Congress-era,Mannar? ,"Taper tantrum: CAD ~4.8%, rupee slides — Fragile Five",Economy,https://en.wikipedia.org/wiki/Fragile_Five
2014,Feb-Sep,UPA-2,Congress,"Telangana created (Feb); SC cancels 214 coal blocks (Aug-Sep)",Corruption,https://en.wikipedia.org/wiki/Indian_coal_allocation_scam
2014,May,NDA-2,BJP (Modi),"BJP wins 282 — first single-party majority since 1984",Elections,https://en.wikipedia.org/wiki/2014_Indian_general_election
2014,Aug 28,NDA-2,BJP,"Jan Dhan launched (55.02 cr accounts by Mar 2025)",Welfare,https://www.pib.gov.in/PressReleaseIframePage.aspx?PRID=2112321
2015,Feb-Aug,NDA-2,BJP vs Congress-opp,"Modi: MGNREGA 'monument of failure'; land-ordinance rolled back after 'suit-boot' campaign",Economy,https://www.ndtv.com/opinion/mnrega-once-reviled-by-pm-narendra-modi-saved-the-day-2370825
2016,Apr 11,NDA-2,BJP,"UPI pilot launched (NPCI/RBI); scaled post-2016",Institutions,https://newstodaynet.com/2026/08/26/bjp-targets-congress-over-upi-criticism
2016,Sep 28-29,NDA-2,BJP,"'Surgical strikes' across LoC after Uri attack",Security,https://en.wikipedia.org/wiki/2016_surgical_strike
2016,Nov 8,NDA-2,BJP,"Demonetisation; RBI 2018: 99.3% of banned notes returned",Economy,https://timesofindia.indiatimes.com/business/india-business/99-3-demonetised-notes-worth-rs-15-3-lakh-crore-returned-rbi/articleshow/65589633.cms
2016,,NDA-2,BJP,"IBC enacted; Aadhaar Act via Money Bill (Jairam Ramesh challenge)",Economy,https://en.wikipedia.org/wiki/Insolvency_and_Bankruptcy_Code,_2016
2017,Jul 1,NDA-2,BJP,"GST rolls out (midnight session); council federalism",Economy,https://en.wikipedia.org/wiki/Goods_and_Services_Tax_(India)
2017,Aug,NDA-2,BJP,"Doklam standoff managed to disengagement; SC: privacy is a fundamental right (Aug 24); SC strikes instant triple talaq (Aug 22)",Security,https://en.wikipedia.org/wiki/2017_China%E2%80%93India_border_standoff
2018,Jan-Dec,NDA-2,BJP,"Electoral bonds scheme notified; SC Aadhaar diluted (sec 57 struck); RBI Gov Urjit Patel resigns; NSSO jobs data withheld",Democracy,https://www.indiatoday.in/law/story/supreme-court-strikes-down-electoral-bond-scheme-sbi-to-give-details-to-election-commission-2502404-2024-02-15
2019,Feb,NDA-2,BJP,"Pulwama attack (40 CRPF) -> Balakot airstrikes -> Abhinandan return",Security,https://en.wikipedia.org/wiki/2019_Balakot_airstrike
2019,May-Aug,NDA-2,BJP,"Modi 2.0 (303 seats); Art 370 abrogated Aug 5-6; J&K split into UTs; detentions & internet blackout (SC Dec 2023 upheld abrogation, ordered polls by Sep 2024 + statehood 'at earliest')",Security,https://www.scobserver.in/reports/abrogation-of-article-370-judgement-summary/
2019,Jul 30,NDA-2,BJP,"Triple Talaq Act passes RS 99-84 amid walkouts; Congress opposed criminalisation & failed to get select-committee vote",Cohesion,https://www.indiatoday.in/india/story/parliament-live-updates-triple-talaq-bill-rajya-sabha-lok-sabha-1575031-2019-07-30
2019,Aug 31,NDA-2,BJP (Assam) + Congress-era courts,"Assam NRC final list excludes 19 lakh of 3.3 cr; BJP repudiates own SC-monitored NRC (Hindu exclusions)",Cohesion,https://scroll.in/latest/935747/assams-final-national-register-of-citizens-will-be-published-today
2019,Dec 11,UPA? no NDA-2,BJP,"CAA enacted; nationwide protests; Delhi riots Feb 2020",Cohesion,https://en.wikipedia.org/wiki/Citizenship_(Amendment)_Act,_2019
2020,Jan 10,NDA-2,BJP-era SC,"Anuradha Bhasin: indefinite internet shutdown impermissible (Kashmir 4G freeze ~552 days)",Democracy,https://lawbhoomi.com/anuradha-bhasin-v-union-of-india/
2020,Mar 24,NDA-2,BJP,"COVID lockdown on 4-hr notice; migrant exodus; govt tells Parliament 'no data' on migrant deaths",Crisis,https://www.indiaspend.com/covid-19/india-had-most-pandemic-related-deaths-of-any-country-at-47-million-says-who-816250
2020,Jun-Sep,NDA-2,BJP,"Galwan clash (20 soldiers); NEP 2020; farm laws via ordinances (Sep) — voice vote, no division",Security,https://en.wikipedia.org/wiki/2020_Indian_agriculture_acts
2021,Jan-Dec,NDA-2,BJP,"SC stays farm laws (Jan 12); Wave-2 oxygen catastrophe; WHO (2022) estimates 4.7m excess deaths vs official ~0.48m; farm laws repealed Dec 1 ahead of UP/Punjab polls (3-min LS passage)",Crisis,https://en.wikipedia.org/wiki/2020_Indian_agriculture_acts
2022,Aug-Oct,NDA-2,BJP,"Pegasus panel: govt 'did not cooperate'; Kharge elected Congress president (first non-Gandhi in 24 yrs)",Democracy,https://indianexpress.com/article/india/supreme-court-pegasus-spyware-case-8110566/
2022,Sep-Jan,Congress (party act),Congress,"Bharat Jodo Yatra: ~4,080 km Kanyakumari->Srinagar",Leadership,https://en.wikipedia.org/wiki/Bharat_Jodo_yatra
2023,Mar-Aug,NDA-2,BJP-era courts + RG,"Rahul convicted 2yrs in 'Modi surname' defamation -> disqualified; SC stays conviction Aug 4 (no reasons for max sentence); MP restored",Accountability,https://www.outlookindia.com/national/rahul-gandhi-defamation-case-timeline-the-long-road-from-modi-surname-remarks-to-supreme-court-stay-on-conviction-news-308146
2023,May 3-,NDA-2,BJP,"Manipur ethnic war begins; PM silent ~2.5 months; video case forces comment (Jul 20)",Cohesion,https://en.wikipedia.org/wiki/2023%E2%80%932026_Manipur_conflict
2023,Aug-Sep,NDA-2,BJP,"Chandrayaan-3 lands (Aug 23); G20 presidency summit (Sep); Women's Reservation Act passed (activation post-census/delimitation)",Institutions,https://en.wikipedia.org/wiki/Chandrayaan-3
2023,Dec,NDA-2,BJP,"146 MPs suspended; new criminal codes passed amid suspensions; CEC Act removes CJI from selection panel (post-Anoop Baranwal)",Democracy,https://www.rediff.com/news/report/ls-passed-half-of-bills-after-debating-each-for-less-than-2-hrs-report/20231222.htm
2024,Feb-Mar,NDA-2,BJP,"SC strikes down electoral bonds (Feb 15; BJP share Rs6,566 cr of ~Rs12,000 cr audit window); Chandigarh mayor result reversed vs BJP presiding officer (Feb 20); CAA rules notified (Mar 11)",Democracy,https://www.indiatoday.in/law/story/supreme-court-strikes-down-electoral-bond-scheme-sbi-to-give-details-to-election-commission-2502404-2024-02-15
2024,Jun-Oct,NDA-2,BJP,"18th LS: BJP 240, NDA 293; INDIA 234; Rahul becomes LoP; NEET-UG leak (SC: no retest); Depsang/Demchok disengagement with China (Oct)",Elections,https://www.livemint.com/news/india/neet-ug-2024-hearing-judgment-live-updates-supreme-court-2-august-retest-order-cji-cbi-11722568421612.html
2024,Dec 17,NDA-2,BJP,"ONOE: 129th Amendment + UT bills -> 31-member JPC (extended to Winter 2026)",Democracy,https://www.manoramayearbook.in/current-affairs/india/2026/07/30/jpc-examining-bills-on-one-nation-one-election.html
2025,Jan 27,NDA-2,BJP,"Uttarakhand becomes first state to implement UCC",Cohesion,https://www.indiatoday.in/india/story/uttarakhand-uniform-civil-code-implementation-today-first-state-in-india-pushkar-singh-dhami-2670534-2025-01-27
2025,Feb 8-13,NDA-2,BJP,"BJP takes Delhi (48/70; Rekha Gupta CM) after 27 yrs; Manipur: Biren resigns Feb 9, President's Rule Feb 13",Elections,https://timesofindia.indiatimes.com/india/who-is-rekha-gupta-delhis-next-chief-minister/articleshow/118391683.cms
2025,Apr 2-4,NDA-2,BJP,"Waqf (Amendment) Act passed; SC (Sep 15) stays key clauses ('dubious' collector powers; 5-yr-Islam rule), refuses blanket stay",Cohesion,https://www.scobserver.in/reports/constitutionality-of-waqf-amendment-act-interim-stay-judgement-pronouncement/
2025,Apr 8,NDA-2,BJP-era SC vs Governors,"SC sets assent timelines + deemed assent for TN bills; Presidential Reference; Nov 20 opinion: no judicial timelines/deemed assent, but 'no unfettered power to sit' (CJI Gavai bench)",Democracy,https://www.scobserver.in/reports/governor-and-presidents-powers-judgement-summary-special-reference-2025-advisory-opinion/
2025,Apr 22-May 10,NDA-2,BJP,"Pahalgam terror attack (26 dead, victims asked religion) -> Operation Sindoor (May 7-10): 9 terror HQs + 11 Pak airbases hit; DGMO-level cessation May 10 (Trump mediation claims rejected later by CDS)",Security,https://www.pib.gov.in/Pressreleaseshare.aspx?PRID=2128748&reg=48&lang=2
2025,Apr 30-Jun 4,NDA-2,BJP,"U-turn: caste enumeration approved (Apr 30) — Congress claims pressure victory; Census-2027 notified in 2 phases (Jun 4)",Democracy,https://frontline.thehindu.com/politics/caste-census-bjp-policy-shift-bihar-election-reservations/article69543537.ece
2025,Jun 12,NDA-2,BJP,"Air India 171 crash (260 dead); AAIB preliminary: fuel switches cut off; PM visit; probe ongoing into 2026",Crisis,https://www.theguardian.com/world/2025/jul/12/why-did-he-cut-off-what-has-the-report-on-air-india-flight-171-found
2025,Jul 21-Sep 12,NDA-2,BJP,"VP Dhankhar abruptly quits (Jul 21); CP Radhakrishnan elected VP (Sep 9: 452-300), sworn in Sep 12",Institutions,https://www.reuters.com/world/india/india-elects-ruling-bjps-radhakrishnan-new-vice-president-2025-09-09/
2025,Jul-Aug,NDA-2+Congress-opp,Both,"Monsoon session: Rahul challenges govt on Sindoor (aircraft losses, 'call Trump a liar'); SIR Bihar rolls; Rahul's Aug 7 'vote chori' Mahadevapura charge; CEC's 7-day affidavit ultimatum (Aug 17)",Democracy,https://www.indiatoday.in/india/story/election-commission-eci-counters-rahul-gandhi-charges-voter-fraud-house-number-address-vote-chori-sir-bihar-supreme-court-2772457-2025-08-17
2025,Aug 20,NDA-2,BJP,"130th Amendment Bill (auto-removal of jailed PM/CM/ministers) tabled, sent to JPC; INDIA boycotts JPC, NCP-SP joins",Democracy,https://indianexpress.com/article/india/amit-shah-interview-elections-parliament-opposition-bills-constitution-10210022/
2025,Aug 27,NDA-2,BJP,"US slaps 50% tariffs (Russian-oil penalty); India: strategic autonomy posture; boycott calls",Economy,https://en.wikipedia.org/wiki/2025_United_States%E2%80%93India_diplomatic_and_trade_crisis
2025,Sep 13-22,NDA-2,BJP,"Modi's first Manipur visit (28 months after violence; Rs8,500 cr projects); GST 2.0 two-slab reset kicks in Sep 22",Economy,https://nagalandtribune.in/year-ender-2025-manipur-edges-toward-normalcy-under-prez-rule-after-prolonged-ethnic-unrest/
2025,Nov 10-14,NDA-2,BJP,"Red Fort car blast kills 15 (doctor module; NIA probe); Bihar: NDA landslide 202/243 (BJP single-largest 89; Congress 6/61) after SIR pruned rolls (7.8->7.42 cr)",Security,https://www.business-standard.com/elections/bihar-elections/bihar-assembly-election-results-nda-mahagathbandhan-parties-seats-tally-bjp-125111401218_1.html
2025,Dec 16-23,NDA-2-era courts,Congress (accused) + ED,"National Herald: trial court refuses to take cognisance of ED's PMLA charge sheet vs Sonia & Rahul (built on private complaint, no FIR); Delhi HC issues notice on ED appeal (hearing Mar 12, 2026)",Accountability,https://www.thehindu.com/news/national/national-herald-case-rahul-sonia-gandhi-ed-chargesheet-december-16-2025/article70401699.ece
2026,Feb 2-4,NDA-2,BJP,"US-India trade deal: tariffs 50%->18% (Russian-oil off per Trump; joint statement Feb 6); Manipur gets BJP CM (Yumnam Khemchand); PR revoked",Economy,https://www.aljazeera.com/economy/2026/2/2/trump-to-slash-us-tariffs-on-india-from-50-percent-to-18-percent
2026,May 4-9,NDA-2,BJP + Congress,"2026 polls: BJP sweeps Bengal (206/294; Suvendu Adhikari first BJP CM, Modi at oath) & Assam 3rd term & Puducherry NDA; Vijay's TVK 108 -> TN CM with Left/Congress support (first non-Dravidian govt since 1967); UDF (Congress 63) wins Kerala",Elections,https://economictimes.indiatimes.com/news/politics-and-nation/election-commission-of-india-election-results-news-live-key-highlights-west-bengal-tamil-nadu-assam-kerala-puducherry/articleshow/130743227.cms
2026,Aug,NDA-2,BJP,"RSF: India 151/180 (2025 data); UPI decade: 24,162 cr txns FY26; Newslaundry: Parliament scrutiny gap persists (bills in 3 minutes)",Institutions,https://www.newslaundry.com/2026/08/20/bills-passed-in-3-minutes-9-with-no-mps-speaking-parliaments-growing-scrutiny-gap
